Country,Population,Total Tests,Total Cases,Total Deaths,Total Recovered,Serious or Critical,Active Cases
Cuba,11325033,531928.0,5091,115.0,4412,18.0,564
Cuba,11325033,531928.0,5091,115.0,8824,18.0,1128
Cuba,11325033,531928.0,5091,115.0,13236,18.0,1692
Cuba,11325033,531928.0,5091,115.0,17648,18.0,2256
Cuba,11325033,531928.0,5091,115.0,22060,18.0,2820
Cuba,11325033,531928.0,5091,115.0,26472,18.0,3384
Cuba,11325033,531928.0,5091,115.0,30884,18.0,3948
Cuba,11325033,531928.0,5091,115.0,35296,18.0,4512
Cuba,11325033,531928.0,5091,115.0,39708,18.0,5076
Cuba,11325033,531928.0,5091,115.0,44120,18.0,5640
Cuba,11325033,531928.0,5091,115.0,48532,18.0,6204
Hong Kong,7510676,2783134.0,5033,103.0,4708,13.0,222
Hong Kong,7510676,2783134.0,5033,103.0,9416,13.0,444
Hong Kong,7510676,2783134.0,5033,103.0,14124,13.0,666
Hong Kong,7510676,2783134.0,5033,103.0,18832,13.0,888
Hong Kong,7510676,2783134.0,5033,103.0,23540,13.0,1110
Hong Kong,7510676,2783134.0,5033,103.0,28248,13.0,1332
Hong Kong,7510676,2783134.0,5033,103.0,32956,13.0,1554
Hong Kong,7510676,2783134.0,5033,103.0,37664,13.0,1776
Hong Kong,7510676,2783134.0,5033,103.0,42372,13.0,1998
Hong Kong,7510676,2783134.0,5033,103.0,47080,13.0,2220
Hong Kong,7510676,2783134.0,5033,103.0,51788,13.0,2442
Equatorial Guinea,1412824,57119.0,5002,83.0,4509,8.486486486486486,410
Equatorial Guinea,1412824,57119.0,5002,83.0,9018,8.486486486486486,820
Equatorial Guinea,1412824,57119.0,5002,83.0,13527,8.486486486486486,1230
Equatorial Guinea,1412824,57119.0,5002,83.0,18036,8.486486486486486,1640
Equatorial Guinea,1412824,57119.0,5002,83.0,22545,8.486486486486486,2050
Equatorial Guinea,1412824,57119.0,5002,83.0,27054,8.486486486486486,2460
Equatorial Guinea,1412824,57119.0,5002,83.0,31563,8.486486486486486,2870
Equatorial Guinea,1412824,57119.0,5002,83.0,36072,8.486486486486486,3280
Equatorial Guinea,1412824,57119.0,5002,83.0,40581,8.486486486486486,3690
Equatorial Guinea,1412824,57119.0,5002,83.0,45090,8.486486486486486,4100
Equatorial Guinea,1412824,57119.0,5002,83.0,49599,8.486486486486486,4510
Jamaica,2964099,72327.0,4988,67.0,1350,9.0,3571
Jamaica,2964099,72327.0,4988,67.0,2700,9.0,7142
Jamaica,2964099,72327.0,4988,67.0,4050,9.0,10713
Jamaica,2964099,72327.0,4988,67.0,5400,9.0,14284
Jamaica,2964099,72327.0,4988,67.0,6750,9.0,17855
Jamaica,2964099,72327.0,4988,67.0,8100,9.0,21426
Jamaica,2964099,72327.0,4988,67.0,9450,9.0,24997
Jamaica,2964099,72327.0,4988,67.0,10800,9.0,28568
Jamaica,2964099,72327.0,4988,67.0,12150,9.0,32139
Jamaica,2964099,72327.0,4988,67.0,13500,9.0,35710
Jamaica,2964099,72327.0,4988,67.0,14850,9.0,39281
Congo,5547627,156697.17647058822,4986,89.0,3887,8.486486486486486,1010
Congo,5547627,156697.17647058822,4986,89.0,7774,8.486486486486486,2020
Congo,5547627,156697.17647058822,4986,89.0,11661,8.486486486486486,3030
Congo,5547627,156697.17647058822,4986,89.0,15548,8.486486486486486,4040
Congo,5547627,156697.17647058822,4986,89.0,19435,8.486486486486486,5050
Congo,5547627,156697.17647058822,4986,89.0,23322,8.486486486486486,6060
Congo,5547627,156697.17647058822,4986,89.0,27209,8.486486486486486,7070
Congo,5547627,156697.17647058822,4986,89.0,31096,8.486486486486486,8080
Congo,5547627,156697.17647058822,4986,89.0,34983,8.486486486486486,9090
Congo,5547627,156697.17647058822,4986,89.0,38870,8.486486486486486,10100
Congo,5547627,156697.17647058822,4986,89.0,42757,8.486486486486486,11110
Nicaragua,6642166,156697.17647058822,4961,147.0,2913,8.486486486486486,1901
Nicaragua,6642166,156697.17647058822,4961,147.0,5826,8.486486486486486,3802
Nicaragua,6642166,156697.17647058822,4961,147.0,8739,8.486486486486486,5703
Nicaragua,6642166,156697.17647058822,4961,147.0,11652,8.486486486486486,7604
Nicaragua,6642166,156697.17647058822,4961,147.0,14565,8.486486486486486,9505
Nicaragua,6642166,156697.17647058822,4961,147.0,17478,8.486486486486486,11406
Nicaragua,6642166,156697.17647058822,4961,147.0,20391,8.486486486486486,13307
Nicaragua,6642166,156697.17647058822,4961,147.0,23304,8.486486486486486,15208
Nicaragua,6642166,156697.17647058822,4961,147.0,26217,8.486486486486486,17109
Nicaragua,6642166,156697.17647058822,4961,147.0,29130,8.486486486486486,19010
Nicaragua,6642166,156697.17647058822,4961,147.0,32043,8.486486486486486,20911
CAR,4848319,31723.0,4786,62.0,1830,2.0,2894
CAR,4848319,31723.0,4786,62.0,3660,2.0,5788
CAR,4848319,31723.0,4786,62.0,5490,2.0,8682
CAR,4848319,31723.0,4786,62.0,7320,2.0,11576
CAR,4848319,31723.0,4786,62.0,9150,2.0,14470
CAR,4848319,31723.0,4786,62.0,10980,2.0,17364
CAR,4848319,31723.0,4786,62.0,12810,2.0,20258
CAR,4848319,31723.0,4786,62.0,14640,2.0,23152
CAR,4848319,31723.0,4786,62.0,16470,2.0,26046
CAR,4848319,31723.0,4786,62.0,18300,2.0,28940
CAR,4848319,31723.0,4786,62.0,20130,2.0,31834
Jordan,10225858,1070621.0,4779,30.0,2844,13.0,1905
Jordan,10225858,1070621.0,4779,30.0,5688,13.0,3810
Jordan,10225858,1070621.0,4779,30.0,8532,13.0,5715
Jordan,10225858,1070621.0,4779,30.0,11376,13.0,7620
Jordan,10225858,1070621.0,4779,30.0,14220,13.0,9525
Jordan,10225858,1070621.0,4779,30.0,17064,13.0,11430
Jordan,10225858,1070621.0,4779,30.0,19908,13.0,13335
Jordan,10225858,1070621.0,4779,30.0,22752,13.0,15240
Jordan,10225858,1070621.0,4779,30.0,25596,13.0,17145
Jordan,10225858,1070621.0,4779,30.0,28440,13.0,19050
Jordan,10225858,1070621.0,4779,30.0,31284,13.0,20955
Suriname,587814,12865.0,4723,97.0,4488,6.0,138
Suriname,587814,12865.0,4723,97.0,8976,6.0,276
Suriname,587814,12865.0,4723,97.0,13464,6.0,414
Suriname,587814,12865.0,4723,97.0,17952,6.0,552
Suriname,587814,12865.0,4723,97.0,22440,6.0,690
Suriname,587814,12865.0,4723,97.0,26928,6.0,828
Suriname,587814,12865.0,4723,97.0,31416,6.0,966
Suriname,587814,12865.0,4723,97.0,35904,6.0,1104
Suriname,587814,12865.0,4723,97.0,40392,6.0,1242
Suriname,587814,12865.0,4723,97.0,44880,6.0,1380
Suriname,587814,12865.0,4723,97.0,49368,6.0,1518
Rwanda,13022021,475931.0,4711,26.0,2961,8.486486486486486,1724
Rwanda,13022021,475931.0,4711,26.0,5922,8.486486486486486,3448
Rwanda,13022021,475931.0,4711,26.0,8883,8.486486486486486,5172
Rwanda,13022021,475931.0,4711,26.0,11844,8.486486486486486,6896
Rwanda,13022021,475931.0,4711,26.0,14805,8.486486486486486,8620
Rwanda,13022021,475931.0,4711,26.0,17766,8.486486486486486,10344
Rwanda,13022021,475931.0,4711,26.0,20727,8.486486486486486,12068
Rwanda,13022021,475931.0,4711,26.0,23688,8.486486486486486,13792
Rwanda,13022021,475931.0,4711,26.0,26649,8.486486486486486,15516
Rwanda,13022021,475931.0,4711,26.0,29610,8.486486486486486,17240
Rwanda,13022021,475931.0,4711,26.0,32571,8.486486486486486,18964
Slovenia,2079003,201696.0,4420,142.0,3023,25.0,1255
Slovenia,2079003,201696.0,4420,142.0,6046,25.0,2510
Slovenia,2079003,201696.0,4420,142.0,9069,25.0,3765
Slovenia,2079003,201696.0,4420,142.0,12092,25.0,5020
Slovenia,2079003,201696.0,4420,142.0,15115,25.0,6275
Slovenia,2079003,201696.0,4420,142.0,18138,25.0,7530
Slovenia,2079003,201696.0,4420,142.0,21161,25.0,8785
Slovenia,2079003,201696.0,4420,142.0,24184,25.0,10040
Slovenia,2079003,201696.0,4420,142.0,27207,25.0,11295
Slovenia,2079003,201696.0,4420,142.0,30230,25.0,12550
Slovenia,2079003,201696.0,4420,142.0,33253,25.0,13805
Angola,33085398,65951.0,3991,152.0,1445,13.0,2394
Angola,33085398,65951.0,3991,152.0,2890,13.0,4788
Angola,33085398,65951.0,3991,152.0,4335,13.0,7182
Angola,33085398,65951.0,3991,152.0,5780,13.0,9576
Angola,33085398,65951.0,3991,152.0,7225,13.0,11970
Angola,33085398,65951.0,3991,152.0,8670,13.0,14364
Angola,33085398,65951.0,3991,152.0,10115,13.0,16758
Angola,33085398,65951.0,3991,152.0,11560,13.0,19152
Angola,33085398,65951.0,3991,152.0,13005,13.0,21546
Angola,33085398,65951.0,3991,152.0,14450,13.0,23940
Angola,33085398,65951.0,3991,152.0,15895,13.0,26334
Trinidad and Tobago,1400518,29183.0,3901,65.0,1753,12.0,2083
Trinidad and Tobago,1400518,29183.0,3901,65.0,3506,12.0,4166
Trinidad and Tobago,1400518,29183.0,3901,65.0,5259,12.0,6249
Trinidad and Tobago,1400518,29183.0,3901,65.0,7012,12.0,8332
Trinidad and Tobago,1400518,29183.0,3901,65.0,8765,12.0,10415
Trinidad and Tobago,1400518,29183.0,3901,65.0,10518,12.0,12498
Trinidad and Tobago,1400518,29183.0,3901,65.0,12271,12.0,14581
Trinidad and Tobago,1400518,29183.0,3901,65.0,14024,12.0,16664
Trinidad and Tobago,1400518,29183.0,3901,65.0,15777,12.0,18747
Trinidad and Tobago,1400518,29183.0,3901,65.0,17530,12.0,20830
Trinidad and Tobago,1400518,29183.0,3901,65.0,19283,12.0,22913
Syria,17593187,156697.17647058822,3800,172.0,946,8.486486486486486,2682
Syria,17593187,156697.17647058822,3800,172.0,1892,8.486486486486486,5364
Syria,17593187,156697.17647058822,3800,172.0,2838,8.486486486486486,8046
Syria,17593187,156697.17647058822,3800,172.0,3784,8.486486486486486,10728
Syria,17593187,156697.17647058822,3800,172.0,4730,8.486486486486486,13410
Syria,17593187,156697.17647058822,3800,172.0,5676,8.486486486486486,16092
Syria,17593187,156697.17647058822,3800,172.0,6622,8.486486486486486,18774
Syria,17593187,156697.17647058822,3800,172.0,7568,8.486486486486486,21456
Syria,17593187,156697.17647058822,3800,172.0,8514,8.486486486486486,24138
Syria,17593187,156697.17647058822,3800,172.0,9460,8.486486486486486,26820
Syria,17593187,156697.17647058822,3800,172.0,10406,8.486486486486486,29502
Lithuania,2713383,725127.0,3744,87.0,2198,8.486486486486486,1459
Lithuania,2713383,725127.0,3744,87.0,4396,8.486486486486486,2918
Lithuania,2713383,725127.0,3744,87.0,6594,8.486486486486486,4377
Lithuania,2713383,725127.0,3744,87.0,8792,8.486486486486486,5836
Lithuania,2713383,725127.0,3744,87.0,10990,8.486486486486486,7295
Lithuania,2713383,725127.0,3744,87.0,13188,8.486486486486486,8754
Lithuania,2713383,725127.0,3744,87.0,15386,8.486486486486486,10213
Lithuania,2713383,725127.0,3744,87.0,17584,8.486486486486486,11672
Lithuania,2713383,725127.0,3744,87.0,19782,8.486486486486486,13131
Lithuania,2713383,725127.0,3744,87.0,21980,8.486486486486486,14590
Lithuania,2713383,725127.0,3744,87.0,24178,8.486486486486486,16049
Eswatini,1162857,31969.0,5269,104.0,4624,11.0,541
Eswatini,1162857,31969.0,5269,104.0,9248,11.0,1082
Eswatini,1162857,31969.0,5269,104.0,13872,11.0,1623
Eswatini,1162857,31969.0,5269,104.0,18496,11.0,2164
Eswatini,1162857,31969.0,5269,104.0,23120,11.0,2705
Eswatini,1162857,31969.0,5269,104.0,27744,11.0,3246
Eswatini,1162857,31969.0,5269,104.0,32368,11.0,3787
Eswatini,1162857,31969.0,5269,104.0,36992,11.0,4328
Eswatini,1162857,31969.0,5269,104.0,41616,11.0,4869
Eswatini,1162857,31969.0,5269,104.0,46240,11.0,5410
Eswatini,1162857,31969.0,5269,104.0,50864,11.0,5951
Aruba,106869,28441.0,3551,23.0,2239,11.0,1289
Aruba,106869,28441.0,3551,23.0,4478,11.0,2578
Aruba,106869,28441.0,3551,23.0,6717,11.0,3867
Aruba,106869,28441.0,3551,23.0,8956,11.0,5156
Aruba,106869,28441.0,3551,23.0,11195,11.0,6445
Aruba,106869,28441.0,3551,23.0,13434,11.0,7734
Aruba,106869,28441.0,3551,23.0,15673,11.0,9023
Aruba,106869,28441.0,3551,23.0,17912,11.0,10312
Aruba,106869,28441.0,3551,23.0,20151,11.0,11601
Aruba,106869,28441.0,3551,23.0,22390,11.0,12890
Aruba,106869,28441.0,3551,23.0,24629,11.0,14179
Mayotte,274248,13000.0,3541,40.0,2964,2.0,537
Mayotte,274248,13000.0,3541,40.0,5928,2.0,1074
Mayotte,274248,13000.0,3541,40.0,8892,2.0,1611
Mayotte,274248,13000.0,3541,40.0,11856,2.0,2148
Mayotte,274248,13000.0,3541,40.0,14820,2.0,2685
Mayotte,274248,13000.0,3541,40.0,17784,2.0,3222
Mayotte,274248,13000.0,3541,40.0,20748,2.0,3759
Mayotte,274248,13000.0,3541,40.0,23712,2.0,4296
Mayotte,274248,13000.0,3541,40.0,26676,2.0,4833
Mayotte,274248,13000.0,3541,40.0,29640,2.0,5370
Mayotte,274248,13000.0,3541,40.0,32604,2.0,5907
Gambia,2431320,14749.0,3526,108.0,1992,8.486486486486486,1426
Gambia,2431320,14749.0,3526,108.0,3984,8.486486486486486,2852
Gambia,2431320,14749.0,3526,108.0,5976,8.486486486486486,4278
Gambia,2431320,14749.0,3526,108.0,7968,8.486486486486486,5704
Gambia,2431320,14749.0,3526,108.0,9960,8.486486486486486,7130
Gambia,2431320,14749.0,3526,108.0,11952,8.486486486486486,8556
Gambia,2431320,14749.0,3526,108.0,13944,8.486486486486486,9982
Gambia,2431320,14749.0,3526,108.0,15936,8.486486486486486,11408
Gambia,2431320,14749.0,3526,108.0,17928,8.486486486486486,12834
Gambia,2431320,14749.0,3526,108.0,19920,8.486486486486486,14260
Gambia,2431320,14749.0,3526,108.0,21912,8.486486486486486,15686
Thailand,69839845,749213.0,3506,59.0,3340,1.0,107
Thailand,69839845,749213.0,3506,59.0,6680,1.0,214
Thailand,69839845,749213.0,3506,59.0,10020,1.0,321
Thailand,69839845,749213.0,3506,59.0,13360,1.0,428
Thailand,69839845,749213.0,3506,59.0,16700,1.0,535
Thailand,69839845,749213.0,3506,59.0,20040,1.0,642
Thailand,69839845,749213.0,3506,59.0,23380,1.0,749
Thailand,69839845,749213.0,3506,59.0,26720,1.0,856
Thailand,69839845,749213.0,3506,59.0,30060,1.0,963
Thailand,69839845,749213.0,3506,59.0,33400,1.0,1070
Thailand,69839845,749213.0,3506,59.0,36740,1.0,1177
Georgia,3987410,550489.0,3502,19.0,1494,8.486486486486486,1989
Georgia,3987410,550489.0,3502,19.0,2988,8.486486486486486,3978
Georgia,3987410,550489.0,3502,19.0,4482,8.486486486486486,5967
Georgia,3987410,550489.0,3502,19.0,5976,8.486486486486486,7956
Georgia,3987410,550489.0,3502,19.0,7470,8.486486486486486,9945
Georgia,3987410,550489.0,3502,19.0,8964,8.486486486486486,11934
Georgia,3987410,550489.0,3502,19.0,10458,8.486486486486486,13923
Georgia,3987410,550489.0,3502,19.0,11952,8.486486486486486,15912
Georgia,3987410,550489.0,3502,19.0,13446,8.486486486486486,17901
Georgia,3987410,550489.0,3502,19.0,14940,8.486486486486486,19890
Georgia,3987410,550489.0,3502,19.0,16434,8.486486486486486,21879
Somalia,15988955,156697.17647058822,3442,98.0,2877,8.486486486486486,467
Somalia,15988955,156697.17647058822,3442,98.0,5754,8.486486486486486,934
Somalia,15988955,156697.17647058822,3442,98.0,8631,8.486486486486486,1401
Somalia,15988955,156697.17647058822,3442,98.0,11508,8.486486486486486,1868
Somalia,15988955,156697.17647058822,3442,98.0,14385,8.486486486486486,2335
Somalia,15988955,156697.17647058822,3442,98.0,17262,8.486486486486486,2802
Somalia,15988955,156697.17647058822,3442,98.0,20139,8.486486486486486,3269
Somalia,15988955,156697.17647058822,3442,98.0,23016,8.486486486486486,3736
Somalia,15988955,156697.17647058822,3442,98.0,25893,8.486486486486486,4203
Somalia,15988955,156697.17647058822,3442,98.0,28770,8.486486486486486,4670
Somalia,15988955,156697.17647058822,3442,98.0,31647,8.486486486486486,5137
Guadeloupe,400140,38505.0,3426,26.0,837,28.0,2563
Guadeloupe,400140,38505.0,3426,26.0,1674,28.0,5126
Guadeloupe,400140,38505.0,3426,26.0,2511,28.0,7689
Guadeloupe,400140,38505.0,3426,26.0,3348,28.0,10252
Guadeloupe,400140,38505.0,3426,26.0,4185,28.0,12815
Guadeloupe,400140,38505.0,3426,26.0,5022,28.0,15378
Guadeloupe,400140,38505.0,3426,26.0,5859,28.0,17941
Guadeloupe,400140,38505.0,3426,26.0,6696,28.0,20504
Guadeloupe,400140,38505.0,3426,26.0,7533,28.0,23067
Guadeloupe,400140,38505.0,3426,26.0,8370,28.0,25630
Guadeloupe,400140,38505.0,3426,26.0,9207,28.0,28193
Reunion,896753,35419.0,3342,15.0,2482,8.486486486486486,845
Reunion,896753,35419.0,3342,15.0,4964,8.486486486486486,1690
Reunion,896753,35419.0,3342,15.0,7446,8.486486486486486,2535
Reunion,896753,35419.0,3342,15.0,9928,8.486486486486486,3380
Reunion,896753,35419.0,3342,15.0,12410,8.486486486486486,4225
Reunion,896753,35419.0,3342,15.0,14892,8.486486486486486,5070
Reunion,896753,35419.0,3342,15.0,17374,8.486486486486486,5915
Reunion,896753,35419.0,3342,15.0,19856,8.486486486486486,6760
Reunion,896753,35419.0,3342,15.0,22338,8.486486486486486,7605
Reunion,896753,35419.0,3342,15.0,24820,8.486486486486486,8450
Reunion,896753,35419.0,3342,15.0,27302,8.486486486486486,9295
Bahamas,394088,17009.0,3315,74.0,1689,65.0,1552
Bahamas,394088,17009.0,3315,74.0,3378,65.0,3104
Bahamas,394088,17009.0,3315,74.0,5067,65.0,4656
Bahamas,394088,17009.0,3315,74.0,6756,65.0,6208
Bahamas,394088,17009.0,3315,74.0,8445,65.0,7760
Bahamas,394088,17009.0,3315,74.0,10134,65.0,9312
Bahamas,394088,17009.0,3315,74.0,11823,65.0,10864
Bahamas,394088,17009.0,3315,74.0,13512,65.0,12416
Bahamas,394088,17009.0,3315,74.0,15201,65.0,13968
Bahamas,394088,17009.0,3315,74.0,16890,65.0,15520
Bahamas,394088,17009.0,3315,74.0,18579,65.0,17072
Sri Lanka,21433620,268371.0,3287,13.0,3088,8.486486486486486,186
Sri Lanka,21433620,268371.0,3287,13.0,6176,8.486486486486486,372
Sri Lanka,21433620,268371.0,3287,13.0,9264,8.486486486486486,558
Sri Lanka,21433620,268371.0,3287,13.0,12352,8.486486486486486,744
Sri Lanka,21433620,268371.0,3287,13.0,15440,8.486486486486486,930
Sri Lanka,21433620,268371.0,3287,13.0,18528,8.486486486486486,1116
Sri Lanka,21433620,268371.0,3287,13.0,21616,8.486486486486486,1302
Sri Lanka,21433620,268371.0,3287,13.0,24704,8.486486486486486,1488
Sri Lanka,21433620,268371.0,3287,13.0,27792,8.486486486486486,1674
Sri Lanka,21433620,268371.0,3287,13.0,30880,8.486486486486486,1860
Sri Lanka,21433620,268371.0,3287,13.0,33968,8.486486486486486,2046
Mali,20376509,49394.0,3013,128.0,2372,8.486486486486486,513
Mali,20376509,49394.0,3013,128.0,4744,8.486486486486486,1026
Mali,20376509,49394.0,3013,128.0,7116,8.486486486486486,1539
Mali,20376509,49394.0,3013,128.0,9488,8.486486486486486,2052
Mali,20376509,49394.0,3013,128.0,11860,8.486486486486486,2565
Mali,20376509,49394.0,3013,128.0,14232,8.486486486486486,3078
Mali,20376509,49394.0,3013,128.0,16604,8.486486486486486,3591
Mali,20376509,49394.0,3013,128.0,18976,8.486486486486486,4104
Mali,20376509,49394.0,3013,128.0,21348,8.486486486486486,4617
Mali,20376509,49394.0,3013,128.0,23720,8.486486486486486,5130
Mali,20376509,49394.0,3013,128.0,26092,8.486486486486486,5643
Estonia,1326739,187647.0,2924,64.0,2377,3.0,483
Estonia,1326739,187647.0,2924,64.0,4754,3.0,966
Estonia,1326739,187647.0,2924,64.0,7131,3.0,1449
Estonia,1326739,187647.0,2924,64.0,9508,3.0,1932
Estonia,1326739,187647.0,2924,64.0,11885,3.0,2415
Estonia,1326739,187647.0,2924,64.0,14262,3.0,2898
Estonia,1326739,187647.0,2924,64.0,16639,3.0,3381
Estonia,1326739,187647.0,2924,64.0,19016,3.0,3864
Estonia,1326739,187647.0,2924,64.0,21393,3.0,4347
Estonia,1326739,187647.0,2924,64.0,23770,3.0,4830
Estonia,1326739,187647.0,2924,64.0,26147,3.0,5313
Malta,441811,231448.0,2731,20.0,2047,2.0,664
Malta,441811,231448.0,2731,20.0,4094,2.0,1328
Malta,441811,231448.0,2731,20.0,6141,2.0,1992
Malta,441811,231448.0,2731,20.0,8188,2.0,2656
Malta,441811,231448.0,2731,20.0,10235,2.0,3320
Malta,441811,231448.0,2731,20.0,12282,2.0,3984
Malta,441811,231448.0,2731,20.0,14329,2.0,4648
Malta,441811,231448.0,2731,20.0,16376,2.0,5312
Malta,441811,231448.0,2731,20.0,18423,2.0,5976
Malta,441811,231448.0,2731,20.0,20470,2.0,6640
Malta,441811,231448.0,2731,20.0,22517,2.0,7304
South Sudan,11223061,12044.0,2642,49.0,1290,8.486486486486486,1303
South Sudan,11223061,12044.0,2642,49.0,2580,8.486486486486486,2606
South Sudan,11223061,12044.0,2642,49.0,3870,8.486486486486486,3909
South Sudan,11223061,12044.0,2642,49.0,5160,8.486486486486486,5212
South Sudan,11223061,12044.0,2642,49.0,6450,8.486486486486486,6515
South Sudan,11223061,12044.0,2642,49.0,7740,8.486486486486486,7818
South Sudan,11223061,12044.0,2642,49.0,9030,8.486486486486486,9121
South Sudan,11223061,12044.0,2642,49.0,10320,8.486486486486486,10424
South Sudan,11223061,12044.0,2642,49.0,11610,8.486486486486486,11727
South Sudan,11223061,12044.0,2642,49.0,12900,8.486486486486486,13030
South Sudan,11223061,12044.0,2642,49.0,14190,8.486486486486486,14333
Botswana,2362054,156054.0,2567,13.0,624,1.0,1930
Botswana,2362054,156054.0,2567,13.0,1248,1.0,3860
Botswana,2362054,156054.0,2567,13.0,1872,1.0,5790
Botswana,2362054,156054.0,2567,13.0,2496,1.0,7720
Botswana,2362054,156054.0,2567,13.0,3120,1.0,9650
Botswana,2362054,156054.0,2567,13.0,3744,1.0,11580
Botswana,2362054,156054.0,2567,13.0,4368,1.0,13510
Botswana,2362054,156054.0,2567,13.0,4992,1.0,15440
Botswana,2362054,156054.0,2567,13.0,5616,1.0,17370
Botswana,2362054,156054.0,2567,13.0,6240,1.0,19300
Botswana,2362054,156054.0,2567,13.0,6864,1.0,21230
Iceland,341743,251437.0,2346,10.0,2121,8.486486486486486,215
Iceland,341743,251437.0,2346,10.0,4242,8.486486486486486,430
Iceland,341743,251437.0,2346,10.0,6363,8.486486486486486,645
Iceland,341743,251437.0,2346,10.0,8484,8.486486486486486,860
Iceland,341743,251437.0,2346,10.0,10605,8.486486486486486,1075
Iceland,341743,251437.0,2346,10.0,12726,8.486486486486486,1290
Iceland,341743,251437.0,2346,10.0,14847,8.486486486486486,1505
Iceland,341743,251437.0,2346,10.0,16968,8.486486486486486,1720
Iceland,341743,251437.0,2346,10.0,19089,8.486486486486486,1935
Iceland,341743,251437.0,2346,10.0,21210,8.486486486486486,2150
Iceland,341743,251437.0,2346,10.0,23331,8.486486486486486,2365
Guinea-Bissau,1978139,156697.17647058822,2303,39.0,1127,5.0,1137
Guinea-Bissau,1978139,156697.17647058822,2303,39.0,2254,5.0,2274
Guinea-Bissau,1978139,156697.17647058822,2303,39.0,3381,5.0,3411
Guinea-Bissau,1978139,156697.17647058822,2303,39.0,4508,5.0,4548
Guinea-Bissau,1978139,156697.17647058822,2303,39.0,5635,5.0,5685
Guinea-Bissau,1978139,156697.17647058822,2303,39.0,6762,5.0,6822
Guinea-Bissau,1978139,156697.17647058822,2303,39.0,7889,5.0,7959
Guinea-Bissau,1978139,156697.17647058822,2303,39.0,9016,5.0,9096
Guinea-Bissau,1978139,156697.17647058822,2303,39.0,10143,5.0,10233
Guinea-Bissau,1978139,156697.17647058822,2303,39.0,11270,5.0,11370
Guinea-Bissau,1978139,156697.17647058822,2303,39.0,12397,5.0,12507
Benin,12192021,169063.0,2280,40.0,1950,8.486486486486486,290
Benin,12192021,169063.0,2280,40.0,3900,8.486486486486486,580
Benin,12192021,169063.0,2280,40.0,5850,8.486486486486486,870
Benin,12192021,169063.0,2280,40.0,7800,8.486486486486486,1160
Benin,12192021,169063.0,2280,40.0,9750,8.486486486486486,1450
Benin,12192021,169063.0,2280,40.0,11700,8.486486486486486,1740
Benin,12192021,169063.0,2280,40.0,13650,8.486486486486486,2030
Benin,12192021,169063.0,2280,40.0,15600,8.486486486486486,2320
Benin,12192021,169063.0,2280,40.0,17550,8.486486486486486,2610
Benin,12192021,169063.0,2280,40.0,19500,8.486486486486486,2900
Benin,12192021,169063.0,2280,40.0,21450,8.486486486486486,3190
Guyana,787412,12092.0,2269,64.0,1339,15.0,866
Guyana,787412,12092.0,2269,64.0,2678,15.0,1732
Guyana,787412,12092.0,2269,64.0,4017,15.0,2598
Guyana,787412,12092.0,2269,64.0,5356,15.0,3464
Guyana,787412,12092.0,2269,64.0,6695,15.0,4330
Guyana,787412,12092.0,2269,64.0,8034,15.0,5196
Guyana,787412,12092.0,2269,64.0,9373,15.0,6062
Guyana,787412,12092.0,2269,64.0,10712,15.0,6928
Guyana,787412,12092.0,2269,64.0,12051,15.0,7794
Guyana,787412,12092.0,2269,64.0,13390,15.0,8660
Guyana,787412,12092.0,2269,64.0,14729,15.0,9526
Sierra Leone,8012595,156697.17647058822,2168,72.0,1650,8.486486486486486,446
Sierra Leone,8012595,156697.17647058822,2168,72.0,3300,8.486486486486486,892
Sierra Leone,8012595,156697.17647058822,2168,72.0,4950,8.486486486486486,1338
Sierra Leone,8012595,156697.17647058822,2168,72.0,6600,8.486486486486486,1784
Sierra Leone,8012595,156697.17647058822,2168,72.0,8250,8.486486486486486,2230
Sierra Leone,8012595,156697.17647058822,2168,72.0,9900,8.486486486486486,2676
Sierra Leone,8012595,156697.17647058822,2168,72.0,11550,8.486486486486486,3122
Sierra Leone,8012595,156697.17647058822,2168,72.0,13200,8.486486486486486,3568
Sierra Leone,8012595,156697.17647058822,2168,72.0,14850,8.486486486486486,4014
Sierra Leone,8012595,156697.17647058822,2168,72.0,16500,8.486486486486486,4460
Sierra Leone,8012595,156697.17647058822,2168,72.0,18150,8.486486486486486,4906
Yemen,29969648,156697.17647058822,2026,586.0,1227,8.486486486486486,213
Yemen,29969648,156697.17647058822,2026,586.0,2454,8.486486486486486,426
Yemen,29969648,156697.17647058822,2026,586.0,3681,8.486486486486486,639
Yemen,29969648,156697.17647058822,2026,586.0,4908,8.486486486486486,852
Yemen,29969648,156697.17647058822,2026,586.0,6135,8.486486486486486,1065
Yemen,29969648,156697.17647058822,2026,586.0,7362,8.486486486486486,1278
Yemen,29969648,156697.17647058822,2026,586.0,8589,8.486486486486486,1491
Yemen,29969648,156697.17647058822,2026,586.0,9816,8.486486486486486,1704
Yemen,29969648,156697.17647058822,2026,586.0,11043,8.486486486486486,1917
Yemen,29969648,156697.17647058822,2026,586.0,12270,8.486486486486486,2130
Yemen,29969648,156697.17647058822,2026,586.0,13497,8.486486486486486,2343
Uruguay,3476465,212901.0,1917,46.0,1621,8.486486486486486,250
Uruguay,3476465,212901.0,1917,46.0,3242,8.486486486486486,500
Uruguay,3476465,212901.0,1917,46.0,4863,8.486486486486486,750
Uruguay,3476465,212901.0,1917,46.0,6484,8.486486486486486,1000
Uruguay,3476465,212901.0,1917,46.0,8105,8.486486486486486,1250
Uruguay,3476465,212901.0,1917,46.0,9726,8.486486486486486,1500
Uruguay,3476465,212901.0,1917,46.0,11347,8.486486486486486,1750
Uruguay,3476465,212901.0,1917,46.0,12968,8.486486486486486,2000
Uruguay,3476465,212901.0,1917,46.0,14589,8.486486486486486,2250
Uruguay,3476465,212901.0,1917,46.0,16210,8.486486486486486,2500
Uruguay,3476465,212901.0,1917,46.0,17831,8.486486486486486,2750
Burkina Faso,21027159,156697.17647058822,1846,56.0,1187,8.486486486486486,603
Burkina Faso,21027159,156697.17647058822,1846,56.0,2374,8.486486486486486,1206
Burkina Faso,21027159,156697.17647058822,1846,56.0,3561,8.486486486486486,1809
Burkina Faso,21027159,156697.17647058822,1846,56.0,4748,8.486486486486486,2412
Burkina Faso,21027159,156697.17647058822,1846,56.0,5935,8.486486486486486,3015
Burkina Faso,21027159,156697.17647058822,1846,56.0,7122,8.486486486486486,3618
Burkina Faso,21027159,156697.17647058822,1846,56.0,8309,8.486486486486486,4221
Burkina Faso,21027159,156697.17647058822,1846,56.0,9496,8.486486486486486,4824
Burkina Faso,21027159,156697.17647058822,1846,56.0,10683,8.486486486486486,5427
Burkina Faso,21027159,156697.17647058822,1846,56.0,11870,8.486486486486486,6030
Burkina Faso,21027159,156697.17647058822,1846,56.0,13057,8.486486486486486,6633
New Zealand,5002100,910853.0,1815,25.0,1719,3.0,71
New Zealand,5002100,910853.0,1815,25.0,3438,3.0,142
New Zealand,5002100,910853.0,1815,25.0,5157,3.0,213
New Zealand,5002100,910853.0,1815,25.0,6876,3.0,284
New Zealand,5002100,910853.0,1815,25.0,8595,3.0,355
New Zealand,5002100,910853.0,1815,25.0,10314,3.0,426
New Zealand,5002100,910853.0,1815,25.0,12033,3.0,497
New Zealand,5002100,910853.0,1815,25.0,13752,3.0,568
New Zealand,5002100,910853.0,1815,25.0,15471,3.0,639
New Zealand,5002100,910853.0,1815,25.0,17190,3.0,710
New Zealand,5002100,910853.0,1815,25.0,18909,3.0,781
Togo,8321034,83113.0,1666,41.0,1269,8.486486486486486,356
Togo,8321034,83113.0,1666,41.0,2538,8.486486486486486,712
Togo,8321034,83113.0,1666,41.0,3807,8.486486486486486,1068
Togo,8321034,83113.0,1666,41.0,5076,8.486486486486486,1424
Togo,8321034,83113.0,1666,41.0,6345,8.486486486486486,1780
Togo,8321034,83113.0,1666,41.0,7614,8.486486486486486,2136
Togo,8321034,83113.0,1666,41.0,8883,8.486486486486486,2492
Togo,8321034,83113.0,1666,41.0,10152,8.486486486486486,2848
Togo,8321034,83113.0,1666,41.0,11421,8.486486486486486,3204
Togo,8321034,83113.0,1666,41.0,12690,8.486486486486486,3560
Togo,8321034,83113.0,1666,41.0,13959,8.486486486486486,3916
Belize,399220,12685.0,1606,20.0,876,3.0,710
Belize,399220,12685.0,1606,20.0,1752,3.0,1420
Belize,399220,12685.0,1606,20.0,2628,3.0,2130
Belize,399220,12685.0,1606,20.0,3504,3.0,2840
Belize,399220,12685.0,1606,20.0,4380,3.0,3550
Belize,399220,12685.0,1606,20.0,5256,3.0,4260
Belize,399220,12685.0,1606,20.0,6132,3.0,4970
Belize,399220,12685.0,1606,20.0,7008,3.0,5680
Belize,399220,12685.0,1606,20.0,7884,3.0,6390
Belize,399220,12685.0,1606,20.0,8760,3.0,7100
Belize,399220,12685.0,1606,20.0,9636,3.0,7810
Cyprus,1209341,346995.0,1600,22.0,1282,2.0,296
Cyprus,1209341,346995.0,1600,22.0,2564,2.0,592
Cyprus,1209341,346995.0,1600,22.0,3846,2.0,888
Cyprus,1209341,346995.0,1600,22.0,5128,2.0,1184
Cyprus,1209341,346995.0,1600,22.0,6410,2.0,1480
Cyprus,1209341,346995.0,1600,22.0,7692,2.0,1776
Cyprus,1209341,346995.0,1600,22.0,8974,2.0,2072
Cyprus,1209341,346995.0,1600,22.0,10256,2.0,2368
Cyprus,1209341,346995.0,1600,22.0,11538,2.0,2664
Cyprus,1209341,346995.0,1600,22.0,12820,2.0,2960
Cyprus,1209341,346995.0,1600,22.0,14102,2.0,3256
Andorra,77293,137457.0,1564,53.0,1164,4.0,347
Andorra,77293,137457.0,1564,53.0,2328,4.0,694
Andorra,77293,137457.0,1564,53.0,3492,4.0,1041
Andorra,77293,137457.0,1564,53.0,4656,4.0,1388
Andorra,77293,137457.0,1564,53.0,5820,4.0,1735
Andorra,77293,137457.0,1564,53.0,6984,4.0,2082
Andorra,77293,137457.0,1564,53.0,8148,4.0,2429
Andorra,77293,137457.0,1564,53.0,9312,4.0,2776
Andorra,77293,137457.0,1564,53.0,10476,4.0,3123
Andorra,77293,137457.0,1564,53.0,11640,4.0,3470
Andorra,77293,137457.0,1564,53.0,12804,4.0,3817
Latvia,1881333,295242.0,1525,36.0,1248,8.486486486486486,241
Latvia,1881333,295242.0,1525,36.0,2496,8.486486486486486,482
Latvia,1881333,295242.0,1525,36.0,3744,8.486486486486486,723
Latvia,1881333,295242.0,1525,36.0,4992,8.486486486486486,964
Latvia,1881333,295242.0,1525,36.0,6240,8.486486486486486,1205
Latvia,1881333,295242.0,1525,36.0,7488,8.486486486486486,1446
Latvia,1881333,295242.0,1525,36.0,8736,8.486486486486486,1687
Latvia,1881333,295242.0,1525,36.0,9984,8.486486486486486,1928
Latvia,1881333,295242.0,1525,36.0,11232,8.486486486486486,2169
Latvia,1881333,295242.0,1525,36.0,12480,8.486486486486486,2410
Latvia,1881333,295242.0,1525,36.0,13728,8.486486486486486,2651
Lesotho,2146074,17865.0,1424,33.0,754,8.486486486486486,637
Lesotho,2146074,17865.0,1424,33.0,1508,8.486486486486486,1274
Lesotho,2146074,17865.0,1424,33.0,2262,8.486486486486486,1911
Lesotho,2146074,17865.0,1424,33.0,3016,8.486486486486486,2548
Lesotho,2146074,17865.0,1424,33.0,3770,8.486486486486486,3185
Lesotho,2146074,17865.0,1424,33.0,4524,8.486486486486486,3822
Lesotho,2146074,17865.0,1424,33.0,5278,8.486486486486486,4459
Lesotho,2146074,17865.0,1424,33.0,6032,8.486486486486486,5096
Lesotho,2146074,17865.0,1424,33.0,6786,8.486486486486486,5733
Lesotho,2146074,17865.0,1424,33.0,7540,8.486486486486486,6370
Lesotho,2146074,17865.0,1424,33.0,8294,8.486486486486486,7007
Liberia,5083599,156697.17647058822,1335,82.0,1216,8.486486486486486,37
Liberia,5083599,156697.17647058822,1335,82.0,2432,8.486486486486486,74
Liberia,5083599,156697.17647058822,1335,82.0,3648,8.486486486486486,111
Liberia,5083599,156697.17647058822,1335,82.0,4864,8.486486486486486,148
Liberia,5083599,156697.17647058822,1335,82.0,6080,8.486486486486486,185
Liberia,5083599,156697.17647058822,1335,82.0,7296,8.486486486486486,222
Liberia,5083599,156697.17647058822,1335,82.0,8512,8.486486486486486,259
Liberia,5083599,156697.17647058822,1335,82.0,9728,8.486486486486486,296
Liberia,5083599,156697.17647058822,1335,82.0,10944,8.486486486486486,333
Liberia,5083599,156697.17647058822,1335,82.0,12160,8.486486486486486,370
Liberia,5083599,156697.17647058822,1335,82.0,13376,8.486486486486486,407
French Polynesia,281275,20484.0,1271,2.0,1028,4.0,241
French Polynesia,281275,20484.0,1271,2.0,2056,4.0,482
French Polynesia,281275,20484.0,1271,2.0,3084,4.0,723
French Polynesia,281275,20484.0,1271,2.0,4112,4.0,964
French Polynesia,281275,20484.0,1271,2.0,5140,4.0,1205
French Polynesia,281275,20484.0,1271,2.0,6168,4.0,1446
French Polynesia,281275,20484.0,1271,2.0,7196,4.0,1687
French Polynesia,281275,20484.0,1271,2.0,8224,4.0,1928
French Polynesia,281275,20484.0,1271,2.0,9252,4.0,2169
French Polynesia,281275,20484.0,1271,2.0,10280,4.0,2410
French Polynesia,281275,20484.0,1271,2.0,11308,4.0,2651
Niger,24392234,20589.0,1188,69.0,1104,8.486486486486486,15
Niger,24392234,20589.0,1188,69.0,2208,8.486486486486486,30
Niger,24392234,20589.0,1188,69.0,3312,8.486486486486486,45
Niger,24392234,20589.0,1188,69.0,4416,8.486486486486486,60
Niger,24392234,20589.0,1188,69.0,5520,8.486486486486486,75
Niger,24392234,20589.0,1188,69.0,6624,8.486486486486486,90
Niger,24392234,20589.0,1188,69.0,7728,8.486486486486486,105
Niger,24392234,20589.0,1188,69.0,8832,8.486486486486486,120
Niger,24392234,20589.0,1188,69.0,9936,8.486486486486486,135
Niger,24392234,20589.0,1188,69.0,11040,8.486486486486486,150
Niger,24392234,20589.0,1188,69.0,12144,8.486486486486486,165
Chad,16527445,156697.17647058822,1151,81.0,967,8.486486486486486,103
Chad,16527445,156697.17647058822,1151,81.0,1934,8.486486486486486,206
Chad,16527445,156697.17647058822,1151,81.0,2901,8.486486486486486,309
Chad,16527445,156697.17647058822,1151,81.0,3868,8.486486486486486,412
Chad,16527445,156697.17647058822,1151,81.0,4835,8.486486486486486,515
Chad,16527445,156697.17647058822,1151,81.0,5802,8.486486486486486,618
Chad,16527445,156697.17647058822,1151,81.0,6769,8.486486486486486,721
Chad,16527445,156697.17647058822,1151,81.0,7736,8.486486486486486,824
Chad,16527445,156697.17647058822,1151,81.0,8703,8.486486486486486,927
Chad,16527445,156697.17647058822,1151,81.0,9670,8.486486486486486,1030
Chad,16527445,156697.17647058822,1151,81.0,10637,8.486486486486486,1133
Martinique,375198,19534.0,1122,18.0,98,5.0,1006
Martinique,375198,19534.0,1122,18.0,196,5.0,2012
Martinique,375198,19534.0,1122,18.0,294,5.0,3018
Martinique,375198,19534.0,1122,18.0,392,5.0,4024
Martinique,375198,19534.0,1122,18.0,490,5.0,5030
Martinique,375198,19534.0,1122,18.0,588,5.0,6036
Martinique,375198,19534.0,1122,18.0,686,5.0,7042
Martinique,375198,19534.0,1122,18.0,784,5.0,8048
Martinique,375198,19534.0,1122,18.0,882,5.0,9054
Martinique,375198,19534.0,1122,18.0,980,5.0,10060
Martinique,375198,19534.0,1122,18.0,1078,5.0,11066
Vietnam,97535432,1009145.0,1068,35.0,942,8.486486486486486,91
Vietnam,97535432,1009145.0,1068,35.0,1884,8.486486486486486,182
Vietnam,97535432,1009145.0,1068,35.0,2826,8.486486486486486,273
Vietnam,97535432,1009145.0,1068,35.0,3768,8.486486486486486,364
Vietnam,97535432,1009145.0,1068,35.0,4710,8.486486486486486,455
Vietnam,97535432,1009145.0,1068,35.0,5652,8.486486486486486,546
Vietnam,97535432,1009145.0,1068,35.0,6594,8.486486486486486,637
Vietnam,97535432,1009145.0,1068,35.0,7536,8.486486486486486,728
Vietnam,97535432,1009145.0,1068,35.0,8478,8.486486486486486,819
Vietnam,97535432,1009145.0,1068,35.0,9420,8.486486486486486,910
Vietnam,97535432,1009145.0,1068,35.0,10362,8.486486486486486,1001
Sao Tome and Principe,220056,4638.0,908,15.0,878,8.486486486486486,15
Sao Tome and Principe,220056,4638.0,908,15.0,1756,8.486486486486486,30
Sao Tome and Principe,220056,4638.0,908,15.0,2634,8.486486486486486,45
Sao Tome and Principe,220056,4638.0,908,15.0,3512,8.486486486486486,60
Sao Tome and Principe,220056,4638.0,908,15.0,4390,8.486486486486486,75
Sao Tome and Principe,220056,4638.0,908,15.0,5268,8.486486486486486,90
Sao Tome and Principe,220056,4638.0,908,15.0,6146,8.486486486486486,105
Sao Tome and Principe,220056,4638.0,908,15.0,7024,8.486486486486486,120
Sao Tome and Principe,220056,4638.0,908,15.0,7902,8.486486486486486,135
Sao Tome and Principe,220056,4638.0,908,15.0,8780,8.486486486486486,150
Sao Tome and Principe,220056,4638.0,908,15.0,9658,8.486486486486486,165
San Marino,33947,7470.0,723,42.0,669,3.0,12
San Marino,33947,7470.0,723,42.0,1338,3.0,24
San Marino,33947,7470.0,723,42.0,2007,3.0,36
San Marino,33947,7470.0,723,42.0,2676,3.0,48
San Marino,33947,7470.0,723,42.0,3345,3.0,60
San Marino,33947,7470.0,723,42.0,4014,3.0,72
San Marino,33947,7470.0,723,42.0,4683,3.0,84
San Marino,33947,7470.0,723,42.0,5352,3.0,96
San Marino,33947,7470.0,723,42.0,6021,3.0,108
San Marino,33947,7470.0,723,42.0,6690,3.0,120
San Marino,33947,7470.0,723,42.0,7359,3.0,132
Turks and Caicos,38834,3016.0,668,5.0,572,3.0,91
Turks and Caicos,38834,3016.0,668,5.0,1144,3.0,182
Turks and Caicos,38834,3016.0,668,5.0,1716,3.0,273
Turks and Caicos,38834,3016.0,668,5.0,2288,3.0,364
Turks and Caicos,38834,3016.0,668,5.0,2860,3.0,455
Turks and Caicos,38834,3016.0,668,5.0,3432,3.0,546
Turks and Caicos,38834,3016.0,668,5.0,4004,3.0,637
Turks and Caicos,38834,3016.0,668,5.0,4576,3.0,728
Turks and Caicos,38834,3016.0,668,5.0,5148,3.0,819
Turks and Caicos,38834,3016.0,668,5.0,5720,3.0,910
Turks and Caicos,38834,3016.0,668,5.0,6292,3.0,1001
Channel Islands,174223,117227.0,644,48.0,575,2.0,21
Channel Islands,174223,117227.0,644,48.0,1150,2.0,42
Channel Islands,174223,117227.0,644,48.0,1725,2.0,63
Channel Islands,174223,117227.0,644,48.0,2300,2.0,84
Channel Islands,174223,117227.0,644,48.0,2875,2.0,105
Channel Islands,174223,117227.0,644,48.0,3450,2.0,126
Channel Islands,174223,117227.0,644,48.0,4025,2.0,147
Channel Islands,174223,117227.0,644,48.0,4600,2.0,168
Channel Islands,174223,117227.0,644,48.0,5175,2.0,189
Channel Islands,174223,117227.0,644,48.0,5750,2.0,210
Channel Islands,174223,117227.0,644,48.0,6325,2.0,231
Sint Maarten,42985,2720.0,584,20.0,488,6.0,76
Sint Maarten,42985,2720.0,584,20.0,976,6.0,152
Sint Maarten,42985,2720.0,584,20.0,1464,6.0,228
Sint Maarten,42985,2720.0,584,20.0,1952,6.0,304
Sint Maarten,42985,2720.0,584,20.0,2440,6.0,380
Sint Maarten,42985,2720.0,584,20.0,2928,6.0,456
Sint Maarten,42985,2720.0,584,20.0,3416,6.0,532
Sint Maarten,42985,2720.0,584,20.0,3904,6.0,608
Sint Maarten,42985,2720.0,584,20.0,4392,6.0,684
Sint Maarten,42985,2720.0,584,20.0,4880,6.0,760
Sint Maarten,42985,2720.0,584,20.0,5368,6.0,836
Papua New Guinea,8984342,17276.0,517,7.0,232,8.486486486486486,278
Papua New Guinea,8984342,17276.0,517,7.0,464,8.486486486486486,556
Papua New Guinea,8984342,17276.0,517,7.0,696,8.486486486486486,834
Papua New Guinea,8984342,17276.0,517,7.0,928,8.486486486486486,1112
Papua New Guinea,8984342,17276.0,517,7.0,1160,8.486486486486486,1390
Papua New Guinea,8984342,17276.0,517,7.0,1392,8.486486486486486,1668
Papua New Guinea,8984342,17276.0,517,7.0,1624,8.486486486486486,1946
Papua New Guinea,8984342,17276.0,517,7.0,1856,8.486486486486486,2224
Papua New Guinea,8984342,17276.0,517,7.0,2088,8.486486486486486,2502
Papua New Guinea,8984342,17276.0,517,7.0,2320,8.486486486486486,2780
Papua New Guinea,8984342,17276.0,517,7.0,2552,8.486486486486486,3058
Tanzania,60101079,156697.17647058822,509,21.0,183,7.0,305
Tanzania,60101079,156697.17647058822,509,21.0,366,7.0,610
Tanzania,60101079,156697.17647058822,509,21.0,549,7.0,915
Tanzania,60101079,156697.17647058822,509,21.0,732,7.0,1220
Tanzania,60101079,156697.17647058822,509,21.0,915,7.0,1525
Tanzania,60101079,156697.17647058822,509,21.0,1098,7.0,1830
Tanzania,60101079,156697.17647058822,509,21.0,1281,7.0,2135
Tanzania,60101079,156697.17647058822,509,21.0,1464,7.0,2440
Tanzania,60101079,156697.17647058822,509,21.0,1647,7.0,2745
Tanzania,60101079,156697.17647058822,509,21.0,1830,7.0,3050
Tanzania,60101079,156697.17647058822,509,21.0,2013,7.0,3355
Taiwan,23826600,91555.0,507,7.0,479,8.486486486486486,21
Taiwan,23826600,91555.0,507,7.0,958,8.486486486486486,42
Taiwan,23826600,91555.0,507,7.0,1437,8.486486486486486,63
Taiwan,23826600,91555.0,507,7.0,1916,8.486486486486486,84
Taiwan,23826600,91555.0,507,7.0,2395,8.486486486486486,105
Taiwan,23826600,91555.0,507,7.0,2874,8.486486486486486,126
Taiwan,23826600,91555.0,507,7.0,3353,8.486486486486486,147
Taiwan,23826600,91555.0,507,7.0,3832,8.486486486486486,168
Taiwan,23826600,91555.0,507,7.0,4311,8.486486486486486,189
Taiwan,23826600,91555.0,507,7.0,4790,8.486486486486486,210
Taiwan,23826600,91555.0,507,7.0,5269,8.486486486486486,231
Burundi,11966918,34140.0,473,1.0,462,8.486486486486486,10
Burundi,11966918,34140.0,473,1.0,924,8.486486486486486,20
Burundi,11966918,34140.0,473,1.0,1386,8.486486486486486,30
Burundi,11966918,34140.0,473,1.0,1848,8.486486486486486,40
Burundi,11966918,34140.0,473,1.0,2310,8.486486486486486,50
Burundi,11966918,34140.0,473,1.0,2772,8.486486486486486,60
Burundi,11966918,34140.0,473,1.0,3234,8.486486486486486,70
Burundi,11966918,34140.0,473,1.0,3696,8.486486486486486,80
Burundi,11966918,34140.0,473,1.0,4158,8.486486486486486,90
Burundi,11966918,34140.0,473,1.0,4620,8.486486486486486,100
Burundi,11966918,34140.0,473,1.0,5082,8.486486486486486,110
Comoros,873659,156697.17647058822,470,7.0,450,8.486486486486486,13
Comoros,873659,156697.17647058822,470,7.0,900,8.486486486486486,26
Comoros,873659,156697.17647058822,470,7.0,1350,8.486486486486486,39
Comoros,873659,156697.17647058822,470,7.0,1800,8.486486486486486,52
Comoros,873659,156697.17647058822,470,7.0,2250,8.486486486486486,65
Comoros,873659,156697.17647058822,470,7.0,2700,8.486486486486486,78
Comoros,873659,156697.17647058822,470,7.0,3150,8.486486486486486,91
Comoros,873659,156697.17647058822,470,7.0,3600,8.486486486486486,104
Comoros,873659,156697.17647058822,470,7.0,4050,8.486486486486486,117
Comoros,873659,156697.17647058822,470,7.0,4500,8.486486486486486,130
Comoros,873659,156697.17647058822,470,7.0,4950,8.486486486486486,143
Faroe Islands,48905,115041.0,434,,412,8.486486486486486,22
Faroe Islands,48905,115041.0,434,,824,8.486486486486486,44
Faroe Islands,48905,115041.0,434,,1236,8.486486486486486,66
Faroe Islands,48905,115041.0,434,,1648,8.486486486486486,88
Faroe Islands,48905,115041.0,434,,2060,8.486486486486486,110
Faroe Islands,48905,115041.0,434,,2472,8.486486486486486,132
Faroe Islands,48905,115041.0,434,,2884,8.486486486486486,154
Faroe Islands,48905,115041.0,434,,3296,8.486486486486486,176
Faroe Islands,48905,115041.0,434,,3708,8.486486486486486,198
Faroe Islands,48905,115041.0,434,,4120,8.486486486486486,220
Faroe Islands,48905,115041.0,434,,4532,8.486486486486486,242
Mauritius,1272249,239204.0,366,10.0,338,8.486486486486486,18
Mauritius,1272249,239204.0,366,10.0,676,8.486486486486486,36
Mauritius,1272249,239204.0,366,10.0,1014,8.486486486486486,54
Mauritius,1272249,239204.0,366,10.0,1352,8.486486486486486,72
Mauritius,1272249,239204.0,366,10.0,1690,8.486486486486486,90
Mauritius,1272249,239204.0,366,10.0,2028,8.486486486486486,108
Mauritius,1272249,239204.0,366,10.0,2366,8.486486486486486,126
Mauritius,1272249,239204.0,366,10.0,2704,8.486486486486486,144
Mauritius,1272249,239204.0,366,10.0,3042,8.486486486486486,162
Mauritius,1272249,239204.0,366,10.0,3380,8.486486486486486,180
Mauritius,1272249,239204.0,366,10.0,3718,8.486486486486486,198
Eritrea,3557345,156697.17647058822,364,,305,8.486486486486486,59
Eritrea,3557345,156697.17647058822,364,,610,8.486486486486486,118
Eritrea,3557345,156697.17647058822,364,,915,8.486486486486486,177
Eritrea,3557345,156697.17647058822,364,,1220,8.486486486486486,236
Eritrea,3557345,156697.17647058822,364,,1525,8.486486486486486,295
Eritrea,3557345,156697.17647058822,364,,1830,8.486486486486486,354
Eritrea,3557345,156697.17647058822,364,,2135,8.486486486486486,413
Eritrea,3557345,156697.17647058822,364,,2440,8.486486486486486,472
Eritrea,3557345,156697.17647058822,364,,2745,8.486486486486486,531
Eritrea,3557345,156697.17647058822,364,,3050,8.486486486486486,590
Eritrea,3557345,156697.17647058822,364,,3355,8.486486486486486,649
Gibraltar,33689,42458.0,350,,323,8.486486486486486,27
Gibraltar,33689,42458.0,350,,646,8.486486486486486,54
Gibraltar,33689,42458.0,350,,969,8.486486486486486,81
Gibraltar,33689,42458.0,350,,1292,8.486486486486486,108
Gibraltar,33689,42458.0,350,,1615,8.486486486486486,135
Gibraltar,33689,42458.0,350,,1938,8.486486486486486,162
Gibraltar,33689,42458.0,350,,2261,8.486486486486486,189
Gibraltar,33689,42458.0,350,,2584,8.486486486486486,216
Gibraltar,33689,42458.0,350,,2907,8.486486486486486,243
Gibraltar,33689,42458.0,350,,3230,8.486486486486486,270
Gibraltar,33689,42458.0,350,,3553,8.486486486486486,297
Isle of Man,85135,11572.0,339,24.0,312,8.486486486486486,3
Isle of Man,85135,11572.0,339,24.0,624,8.486486486486486,6
Isle of Man,85135,11572.0,339,24.0,936,8.486486486486486,9
Isle of Man,85135,11572.0,339,24.0,1248,8.486486486486486,12
Isle of Man,85135,11572.0,339,24.0,1560,8.486486486486486,15
Isle of Man,85135,11572.0,339,24.0,1872,8.486486486486486,18
Isle of Man,85135,11572.0,339,24.0,2184,8.486486486486486,21
Isle of Man,85135,11572.0,339,24.0,2496,8.486486486486486,24
Isle of Man,85135,11572.0,339,24.0,2808,8.486486486486486,27
Isle of Man,85135,11572.0,339,24.0,3120,8.486486486486486,30
Isle of Man,85135,11572.0,339,24.0,3432,8.486486486486486,33
Saint Martin,38812,2968.0,330,6.0,206,11.0,118
Saint Martin,38812,2968.0,330,6.0,412,11.0,236
Saint Martin,38812,2968.0,330,6.0,618,11.0,354
Saint Martin,38812,2968.0,330,6.0,824,11.0,472
Saint Martin,38812,2968.0,330,6.0,1030,11.0,590
Saint Martin,38812,2968.0,330,6.0,1236,11.0,708
Saint Martin,38812,2968.0,330,6.0,1442,11.0,826
Saint Martin,38812,2968.0,330,6.0,1648,11.0,944
Saint Martin,38812,2968.0,330,6.0,1854,11.0,1062
Saint Martin,38812,2968.0,330,6.0,2060,11.0,1180
Saint Martin,38812,2968.0,330,6.0,2266,11.0,1298
Mongolia,3289985,64797.0,312,,302,1.0,10
Mongolia,3289985,64797.0,312,,604,1.0,20
Mongolia,3289985,64797.0,312,,906,1.0,30
Mongolia,3289985,64797.0,312,,1208,1.0,40
Mongolia,3289985,64797.0,312,,1510,1.0,50
Mongolia,3289985,64797.0,312,,1812,1.0,60
Mongolia,3289985,64797.0,312,,2114,1.0,70
Mongolia,3289985,64797.0,312,,2416,1.0,80
Mongolia,3289985,64797.0,312,,2718,1.0,90
Mongolia,3289985,64797.0,312,,3020,1.0,100
Mongolia,3289985,64797.0,312,,3322,1.0,110
Cambodia,16770463,122693.0,275,,274,8.486486486486486,1
Cambodia,16770463,122693.0,275,,548,8.486486486486486,2
Cambodia,16770463,122693.0,275,,822,8.486486486486486,3
Cambodia,16770463,122693.0,275,,1096,8.486486486486486,4
Cambodia,16770463,122693.0,275,,1370,8.486486486486486,5
Cambodia,16770463,122693.0,275,,1644,8.486486486486486,6
Cambodia,16770463,122693.0,275,,1918,8.486486486486486,7
Cambodia,16770463,122693.0,275,,2192,8.486486486486486,8
Cambodia,16770463,122693.0,275,,2466,8.486486486486486,9
Cambodia,16770463,122693.0,275,,2740,8.486486486486486,10
Cambodia,16770463,122693.0,275,,3014,8.486486486486486,11
Curacao,164245,1080.0,268,1.0,96,1.0,171
Curacao,164245,1080.0,268,1.0,192,1.0,342
Curacao,164245,1080.0,268,1.0,288,1.0,513
Curacao,164245,1080.0,268,1.0,384,1.0,684
Curacao,164245,1080.0,268,1.0,480,1.0,855
Curacao,164245,1080.0,268,1.0,576,1.0,1026
Curacao,164245,1080.0,268,1.0,672,1.0,1197
Curacao,164245,1080.0,268,1.0,768,1.0,1368
Curacao,164245,1080.0,268,1.0,864,1.0,1539
Curacao,164245,1080.0,268,1.0,960,1.0,1710
Curacao,164245,1080.0,268,1.0,1056,1.0,1881
Bhutan,773510,124839.0,259,,190,8.486486486486486,69
Bhutan,773510,124839.0,259,,380,8.486486486486486,138
Bhutan,773510,124839.0,259,,570,8.486486486486486,207
Bhutan,773510,124839.0,259,,760,8.486486486486486,276
Bhutan,773510,124839.0,259,,950,8.486486486486486,345
Bhutan,773510,124839.0,259,,1140,8.486486486486486,414
Bhutan,773510,124839.0,259,,1330,8.486486486486486,483
Bhutan,773510,124839.0,259,,1520,8.486486486486486,552
Bhutan,773510,124839.0,259,,1710,8.486486486486486,621
Bhutan,773510,124839.0,259,,1900,8.486486486486486,690
Bhutan,773510,124839.0,259,,2090,8.486486486486486,759
Cayman Islands,65895,37425.0,208,1.0,204,8.486486486486486,3
Cayman Islands,65895,37425.0,208,1.0,408,8.486486486486486,6
Cayman Islands,65895,37425.0,208,1.0,612,8.486486486486486,9
Cayman Islands,65895,37425.0,208,1.0,816,8.486486486486486,12
Cayman Islands,65895,37425.0,208,1.0,1020,8.486486486486486,15
Cayman Islands,65895,37425.0,208,1.0,1224,8.486486486486486,18
Cayman Islands,65895,37425.0,208,1.0,1428,8.486486486486486,21
Cayman Islands,65895,37425.0,208,1.0,1632,8.486486486486486,24
Cayman Islands,65895,37425.0,208,1.0,1836,8.486486486486486,27
Cayman Islands,65895,37425.0,208,1.0,2040,8.486486486486486,30
Cayman Islands,65895,37425.0,208,1.0,2244,8.486486486486486,33
Monaco,39305,51953.0,193,1.0,153,1.0,39
Monaco,39305,51953.0,193,1.0,306,1.0,78
Monaco,39305,51953.0,193,1.0,459,1.0,117
Monaco,39305,51953.0,193,1.0,612,1.0,156
Monaco,39305,51953.0,193,1.0,765,1.0,195
Monaco,39305,51953.0,193,1.0,918,1.0,234
Monaco,39305,51953.0,193,1.0,1071,1.0,273
Monaco,39305,51953.0,193,1.0,1224,1.0,312
Monaco,39305,51953.0,193,1.0,1377,1.0,351
Monaco,39305,51953.0,193,1.0,1530,1.0,390
Monaco,39305,51953.0,193,1.0,1683,1.0,429
Barbados,287455,21475.0,189,7.0,173,8.486486486486486,9
Barbados,287455,21475.0,189,7.0,346,8.486486486486486,18
Barbados,287455,21475.0,189,7.0,519,8.486486486486486,27
Barbados,287455,21475.0,189,7.0,692,8.486486486486486,36
Barbados,287455,21475.0,189,7.0,865,8.486486486486486,45
Barbados,287455,21475.0,189,7.0,1038,8.486486486486486,54
Barbados,287455,21475.0,189,7.0,1211,8.486486486486486,63
Barbados,287455,21475.0,189,7.0,1384,8.486486486486486,72
Barbados,287455,21475.0,189,7.0,1557,8.486486486486486,81
Barbados,287455,21475.0,189,7.0,1730,8.486486486486486,90
Barbados,287455,21475.0,189,7.0,1903,8.486486486486486,99
Bermuda,62225,58742.0,180,9.0,166,8.486486486486486,5
Bermuda,62225,58742.0,180,9.0,332,8.486486486486486,10
Bermuda,62225,58742.0,180,9.0,498,8.486486486486486,15
Bermuda,62225,58742.0,180,9.0,664,8.486486486486486,20
Bermuda,62225,58742.0,180,9.0,830,8.486486486486486,25
Bermuda,62225,58742.0,180,9.0,996,8.486486486486486,30
Bermuda,62225,58742.0,180,9.0,1162,8.486486486486486,35
Bermuda,62225,58742.0,180,9.0,1328,8.486486486486486,40
Bermuda,62225,58742.0,180,9.0,1494,8.486486486486486,45
Bermuda,62225,58742.0,180,9.0,1660,8.486486486486486,50
Bermuda,62225,58742.0,180,9.0,1826,8.486486486486486,55
Brunei,438419,56076.0,145,3.0,142,8.486486486486486,0
Brunei,438419,56076.0,145,3.0,284,8.486486486486486,0
Brunei,438419,56076.0,145,3.0,426,8.486486486486486,0
Brunei,438419,56076.0,145,3.0,568,8.486486486486486,0
Brunei,438419,56076.0,145,3.0,710,8.486486486486486,0
Brunei,438419,56076.0,145,3.0,852,8.486486486486486,0
Brunei,438419,56076.0,145,3.0,994,8.486486486486486,0
Brunei,438419,56076.0,145,3.0,1136,8.486486486486486,0
Brunei,438419,56076.0,145,3.0,1278,8.486486486486486,0
Brunei,438419,56076.0,145,3.0,1420,8.486486486486486,0
Brunei,438419,56076.0,145,3.0,1562,8.486486486486486,0
Seychelles,98485,5200.0,141,,136,8.486486486486486,5
Seychelles,98485,5200.0,141,,272,8.486486486486486,10
Seychelles,98485,5200.0,141,,408,8.486486486486486,15
Seychelles,98485,5200.0,141,,544,8.486486486486486,20
Seychelles,98485,5200.0,141,,680,8.486486486486486,25
Seychelles,98485,5200.0,141,,816,8.486486486486486,30
Seychelles,98485,5200.0,141,,952,8.486486486486486,35
Seychelles,98485,5200.0,141,,1088,8.486486486486486,40
Seychelles,98485,5200.0,141,,1224,8.486486486486486,45
Seychelles,98485,5200.0,141,,1360,8.486486486486486,50
Seychelles,98485,5200.0,141,,1496,8.486486486486486,55
Liechtenstein,38153,900.0,113,1.0,109,8.486486486486486,3
Liechtenstein,38153,900.0,113,1.0,218,8.486486486486486,6
Liechtenstein,38153,900.0,113,1.0,327,8.486486486486486,9
Liechtenstein,38153,900.0,113,1.0,436,8.486486486486486,12
Liechtenstein,38153,900.0,113,1.0,545,8.486486486486486,15
Liechtenstein,38153,900.0,113,1.0,654,8.486486486486486,18
Liechtenstein,38153,900.0,113,1.0,763,8.486486486486486,21
Liechtenstein,38153,900.0,113,1.0,872,8.486486486486486,24
Liechtenstein,38153,900.0,113,1.0,981,8.486486486486486,27
Liechtenstein,38153,900.0,113,1.0,1090,8.486486486486486,30
Liechtenstein,38153,900.0,113,1.0,1199,8.486486486486486,33
Antigua and Barbuda,98112,2386.0,96,3.0,92,8.486486486486486,1
Antigua and Barbuda,98112,2386.0,96,3.0,184,8.486486486486486,2
Antigua and Barbuda,98112,2386.0,96,3.0,276,8.486486486486486,3
Antigua and Barbuda,98112,2386.0,96,3.0,368,8.486486486486486,4
Antigua and Barbuda,98112,2386.0,96,3.0,460,8.486486486486486,5
Antigua and Barbuda,98112,2386.0,96,3.0,552,8.486486486486486,6
Antigua and Barbuda,98112,2386.0,96,3.0,644,8.486486486486486,7
Antigua and Barbuda,98112,2386.0,96,3.0,736,8.486486486486486,8
Antigua and Barbuda,98112,2386.0,96,3.0,828,8.486486486486486,9
Antigua and Barbuda,98112,2386.0,96,3.0,920,8.486486486486486,10
Antigua and Barbuda,98112,2386.0,96,3.0,1012,8.486486486486486,11
British Virgin Islands,30276,4410.0,69,1.0,48,2.0,20
British Virgin Islands,30276,4410.0,69,1.0,96,2.0,40
British Virgin Islands,30276,4410.0,69,1.0,144,2.0,60
British Virgin Islands,30276,4410.0,69,1.0,192,2.0,80
British Virgin Islands,30276,4410.0,69,1.0,240,2.0,100
British Virgin Islands,30276,4410.0,69,1.0,288,2.0,120
British Virgin Islands,30276,4410.0,69,1.0,336,2.0,140
British Virgin Islands,30276,4410.0,69,1.0,384,2.0,160
British Virgin Islands,30276,4410.0,69,1.0,432,2.0,180
British Virgin Islands,30276,4410.0,69,1.0,480,2.0,200
British Virgin Islands,30276,4410.0,69,1.0,528,2.0,220
St. Vincent Grenadines,111020,4750.0,64,,64,8.486486486486486,0
St. Vincent Grenadines,111020,4750.0,64,,128,8.486486486486486,0
St. Vincent Grenadines,111020,4750.0,64,,192,8.486486486486486,0
St. Vincent Grenadines,111020,4750.0,64,,256,8.486486486486486,0
St. Vincent Grenadines,111020,4750.0,64,,320,8.486486486486486,0
St. Vincent Grenadines,111020,4750.0,64,,384,8.486486486486486,0
St. Vincent Grenadines,111020,4750.0,64,,448,8.486486486486486,0
St. Vincent Grenadines,111020,4750.0,64,,512,8.486486486486486,0
St. Vincent Grenadines,111020,4750.0,64,,576,8.486486486486486,0
St. Vincent Grenadines,111020,4750.0,64,,640,8.486486486486486,0
St. Vincent Grenadines,111020,4750.0,64,,704,8.486486486486486,0
Macao,651306,4238.0,46,,46,8.486486486486486,0
Macao,651306,4238.0,46,,92,8.486486486486486,0
Macao,651306,4238.0,46,,138,8.486486486486486,0
Macao,651306,4238.0,46,,184,8.486486486486486,0
Macao,651306,4238.0,46,,230,8.486486486486486,0
Macao,651306,4238.0,46,,276,8.486486486486486,0
Macao,651306,4238.0,46,,322,8.486486486486486,0
Macao,651306,4238.0,46,,368,8.486486486486486,0
Macao,651306,4238.0,46,,414,8.486486486486486,0
Macao,651306,4238.0,46,,460,8.486486486486486,0
Macao,651306,4238.0,46,,506,8.486486486486486,0
Caribbean Netherlands,26278,1516.0,36,1.0,17,8.486486486486486,18
Caribbean Netherlands,26278,1516.0,36,1.0,34,8.486486486486486,36
Caribbean Netherlands,26278,1516.0,36,1.0,51,8.486486486486486,54
Caribbean Netherlands,26278,1516.0,36,1.0,68,8.486486486486486,72
Caribbean Netherlands,26278,1516.0,36,1.0,85,8.486486486486486,90
Caribbean Netherlands,26278,1516.0,36,1.0,102,8.486486486486486,108
Caribbean Netherlands,26278,1516.0,36,1.0,119,8.486486486486486,126
Caribbean Netherlands,26278,1516.0,36,1.0,136,8.486486486486486,144
Caribbean Netherlands,26278,1516.0,36,1.0,153,8.486486486486486,162
Caribbean Netherlands,26278,1516.0,36,1.0,170,8.486486486486486,180
Caribbean Netherlands,26278,1516.0,36,1.0,187,8.486486486486486,198
Fiji,897910,9570.0,32,2.0,26,1.0,4
Fiji,897910,9570.0,32,2.0,52,1.0,8
Fiji,897910,9570.0,32,2.0,78,1.0,12
Fiji,897910,9570.0,32,2.0,104,1.0,16
Fiji,897910,9570.0,32,2.0,130,1.0,20
Fiji,897910,9570.0,32,2.0,156,1.0,24
Fiji,897910,9570.0,32,2.0,182,1.0,28
Fiji,897910,9570.0,32,2.0,208,1.0,32
Fiji,897910,9570.0,32,2.0,234,1.0,36
Fiji,897910,9570.0,32,2.0,260,1.0,40
Fiji,897910,9570.0,32,2.0,286,1.0,44
Saint Lucia,183817,7766.0,27,,26,8.486486486486486,1
Saint Lucia,183817,7766.0,27,,52,8.486486486486486,2
Saint Lucia,183817,7766.0,27,,78,8.486486486486486,3
Saint Lucia,183817,7766.0,27,,104,8.486486486486486,4
Saint Lucia,183817,7766.0,27,,130,8.486486486486486,5
Saint Lucia,183817,7766.0,27,,156,8.486486486486486,6
Saint Lucia,183817,7766.0,27,,182,8.486486486486486,7
Saint Lucia,183817,7766.0,27,,208,8.486486486486486,8
Saint Lucia,183817,7766.0,27,,234,8.486486486486486,9
Saint Lucia,183817,7766.0,27,,260,8.486486486486486,10
Saint Lucia,183817,7766.0,27,,286,8.486486486486486,11
Timor-Leste,1323973,5146.0,27,,26,8.486486486486486,1
Timor-Leste,1323973,5146.0,27,,52,8.486486486486486,2
Timor-Leste,1323973,5146.0,27,,78,8.486486486486486,3
Timor-Leste,1323973,5146.0,27,,104,8.486486486486486,4
Timor-Leste,1323973,5146.0,27,,130,8.486486486486486,5
Timor-Leste,1323973,5146.0,27,,156,8.486486486486486,6
Timor-Leste,1323973,5146.0,27,,182,8.486486486486486,7
Timor-Leste,1323973,5146.0,27,,208,8.486486486486486,8
Timor-Leste,1323973,5146.0,27,,234,8.486486486486486,9
Timor-Leste,1323973,5146.0,27,,260,8.486486486486486,10
Timor-Leste,1323973,5146.0,27,,286,8.486486486486486,11
New Caledonia,286114,13463.0,26,,26,8.486486486486486,0
New Caledonia,286114,13463.0,26,,52,8.486486486486486,0
New Caledonia,286114,13463.0,26,,78,8.486486486486486,0
New Caledonia,286114,13463.0,26,,104,8.486486486486486,0
New Caledonia,286114,13463.0,26,,130,8.486486486486486,0
New Caledonia,286114,13463.0,26,,156,8.486486486486486,0
New Caledonia,286114,13463.0,26,,182,8.486486486486486,0
New Caledonia,286114,13463.0,26,,208,8.486486486486486,0
New Caledonia,286114,13463.0,26,,234,8.486486486486486,0
New Caledonia,286114,13463.0,26,,260,8.486486486486486,0
New Caledonia,286114,13463.0,26,,286,8.486486486486486,0
Dominica,72027,2077.0,24,,18,8.486486486486486,6
Dominica,72027,2077.0,24,,36,8.486486486486486,12
Dominica,72027,2077.0,24,,54,8.486486486486486,18
Dominica,72027,2077.0,24,,72,8.486486486486486,24
Dominica,72027,2077.0,24,,90,8.486486486486486,30
Dominica,72027,2077.0,24,,108,8.486486486486486,36
Dominica,72027,2077.0,24,,126,8.486486486486486,42
Dominica,72027,2077.0,24,,144,8.486486486486486,48
Dominica,72027,2077.0,24,,162,8.486486486486486,54
Dominica,72027,2077.0,24,,180,8.486486486486486,60
Dominica,72027,2077.0,24,,198,8.486486486486486,66
Grenada,112641,6252.0,24,,24,8.486486486486486,0
Grenada,112641,6252.0,24,,48,8.486486486486486,0
Grenada,112641,6252.0,24,,72,8.486486486486486,0
Grenada,112641,6252.0,24,,96,8.486486486486486,0
Grenada,112641,6252.0,24,,120,8.486486486486486,0
Grenada,112641,6252.0,24,,144,8.486486486486486,0
Grenada,112641,6252.0,24,,168,8.486486486486486,0
Grenada,112641,6252.0,24,,192,8.486486486486486,0
Grenada,112641,6252.0,24,,216,8.486486486486486,0
Grenada,112641,6252.0,24,,240,8.486486486486486,0
Grenada,112641,6252.0,24,,264,8.486486486486486,0
Laos,7299025,46070.0,23,,22,8.486486486486486,1
Laos,7299025,46070.0,23,,44,8.486486486486486,2
Laos,7299025,46070.0,23,,66,8.486486486486486,3
Laos,7299025,46070.0,23,,88,8.486486486486486,4
Laos,7299025,46070.0,23,,110,8.486486486486486,5
Laos,7299025,46070.0,23,,132,8.486486486486486,6
Laos,7299025,46070.0,23,,154,8.486486486486486,7
Laos,7299025,46070.0,23,,176,8.486486486486486,8
Laos,7299025,46070.0,23,,198,8.486486486486486,9
Laos,7299025,46070.0,23,,220,8.486486486486486,10
Laos,7299025,46070.0,23,,242,8.486486486486486,11
St. Barth,9884,2075.0,23,,16,8.486486486486486,7
St. Barth,9884,2075.0,23,,32,8.486486486486486,14
St. Barth,9884,2075.0,23,,48,8.486486486486486,21
St. Barth,9884,2075.0,23,,64,8.486486486486486,28
St. Barth,9884,2075.0,23,,80,8.486486486486486,35
St. Barth,9884,2075.0,23,,96,8.486486486486486,42
St. Barth,9884,2075.0,23,,112,8.486486486486486,49
St. Barth,9884,2075.0,23,,128,8.486486486486486,56
St. Barth,9884,2075.0,23,,144,8.486486486486486,63
St. Barth,9884,2075.0,23,,160,8.486486486486486,70
St. Barth,9884,2075.0,23,,176,8.486486486486486,77
Saint Kitts and Nevis,53284,2138.0,17,,17,8.486486486486486,0
Saint Kitts and Nevis,53284,2138.0,17,,34,8.486486486486486,0
Saint Kitts and Nevis,53284,2138.0,17,,51,8.486486486486486,0
Saint Kitts and Nevis,53284,2138.0,17,,68,8.486486486486486,0
Saint Kitts and Nevis,53284,2138.0,17,,85,8.486486486486486,0
Saint Kitts and Nevis,53284,2138.0,17,,102,8.486486486486486,0
Saint Kitts and Nevis,53284,2138.0,17,,119,8.486486486486486,0
Saint Kitts and Nevis,53284,2138.0,17,,136,8.486486486486486,0
Saint Kitts and Nevis,53284,2138.0,17,,153,8.486486486486486,0
Saint Kitts and Nevis,53284,2138.0,17,,170,8.486486486486486,0
Saint Kitts and Nevis,53284,2138.0,17,,187,8.486486486486486,0
Greenland,56792,7421.0,14,,14,8.486486486486486,0
Greenland,56792,7421.0,14,,28,8.486486486486486,0
Greenland,56792,7421.0,14,,42,8.486486486486486,0
Greenland,56792,7421.0,14,,56,8.486486486486486,0
Greenland,56792,7421.0,14,,70,8.486486486486486,0
Greenland,56792,7421.0,14,,84,8.486486486486486,0
Greenland,56792,7421.0,14,,98,8.486486486486486,0
Greenland,56792,7421.0,14,,112,8.486486486486486,0
Greenland,56792,7421.0,14,,126,8.486486486486486,0
Greenland,56792,7421.0,14,,140,8.486486486486486,0
Greenland,56792,7421.0,14,,154,8.486486486486486,0
Montserrat,4993,373.0,13,1.0,12,8.486486486486486,0
Montserrat,4993,373.0,13,1.0,24,8.486486486486486,0
Montserrat,4993,373.0,13,1.0,36,8.486486486486486,0
Montserrat,4993,373.0,13,1.0,48,8.486486486486486,0
Montserrat,4993,373.0,13,1.0,60,8.486486486486486,0
Montserrat,4993,373.0,13,1.0,72,8.486486486486486,0
Montserrat,4993,373.0,13,1.0,84,8.486486486486486,0
Montserrat,4993,373.0,13,1.0,96,8.486486486486486,0
Montserrat,4993,373.0,13,1.0,108,8.486486486486486,0
Montserrat,4993,373.0,13,1.0,120,8.486486486486486,0
Montserrat,4993,373.0,13,1.0,132,8.486486486486486,0
Falkland Islands,3502,2261.0,13,,13,8.486486486486486,0
Falkland Islands,3502,2261.0,13,,26,8.486486486486486,0
Falkland Islands,3502,2261.0,13,,39,8.486486486486486,0
Falkland Islands,3502,2261.0,13,,52,8.486486486486486,0
Falkland Islands,3502,2261.0,13,,65,8.486486486486486,0
Falkland Islands,3502,2261.0,13,,78,8.486486486486486,0
Falkland Islands,3502,2261.0,13,,91,8.486486486486486,0
Falkland Islands,3502,2261.0,13,,104,8.486486486486486,0
Falkland Islands,3502,2261.0,13,,117,8.486486486486486,0
Falkland Islands,3502,2261.0,13,,130,8.486486486486486,0
Falkland Islands,3502,2261.0,13,,143,8.486486486486486,0
Vatican City,801,156697.17647058822,12,,12,8.486486486486486,0
Vatican City,801,156697.17647058822,12,,24,8.486486486486486,0
Vatican City,801,156697.17647058822,12,,36,8.486486486486486,0
Vatican City,801,156697.17647058822,12,,48,8.486486486486486,0
Vatican City,801,156697.17647058822,12,,60,8.486486486486486,0
Vatican City,801,156697.17647058822,12,,72,8.486486486486486,0
Vatican City,801,156697.17647058822,12,,84,8.486486486486486,0
Vatican City,801,156697.17647058822,12,,96,8.486486486486486,0
Vatican City,801,156697.17647058822,12,,108,8.486486486486486,0
Vatican City,801,156697.17647058822,12,,120,8.486486486486486,0
Vatican City,801,156697.17647058822,12,,132,8.486486486486486,0
Saint Pierre Miquelon,5787,1051.0,11,,5,8.486486486486486,6
Saint Pierre Miquelon,5787,1051.0,11,,10,8.486486486486486,12
Saint Pierre Miquelon,5787,1051.0,11,,15,8.486486486486486,18
Saint Pierre Miquelon,5787,1051.0,11,,20,8.486486486486486,24
Saint Pierre Miquelon,5787,1051.0,11,,25,8.486486486486486,30
Saint Pierre Miquelon,5787,1051.0,11,,30,8.486486486486486,36
Saint Pierre Miquelon,5787,1051.0,11,,35,8.486486486486486,42
Saint Pierre Miquelon,5787,1051.0,11,,40,8.486486486486486,48
Saint Pierre Miquelon,5787,1051.0,11,,45,8.486486486486486,54
Saint Pierre Miquelon,5787,1051.0,11,,50,8.486486486486486,60
Saint Pierre Miquelon,5787,1051.0,11,,55,8.486486486486486,66
Western Sahara,600533,156697.17647058822,10,1.0,8,8.486486486486486,1
Western Sahara,600533,156697.17647058822,10,1.0,16,8.486486486486486,2
Western Sahara,600533,156697.17647058822,10,1.0,24,8.486486486486486,3
Western Sahara,600533,156697.17647058822,10,1.0,32,8.486486486486486,4
Western Sahara,600533,156697.17647058822,10,1.0,40,8.486486486486486,5
Western Sahara,600533,156697.17647058822,10,1.0,48,8.486486486486486,6
Western Sahara,600533,156697.17647058822,10,1.0,56,8.486486486486486,7
Western Sahara,600533,156697.17647058822,10,1.0,64,8.486486486486486,8
Western Sahara,600533,156697.17647058822,10,1.0,72,8.486486486486486,9
Western Sahara,600533,156697.17647058822,10,1.0,80,8.486486486486486,10
Western Sahara,600533,156697.17647058822,10,1.0,88,8.486486486486486,11
Anguilla,15033,1020.0,3,,3,8.486486486486486,0
Anguilla,15033,1020.0,3,,6,8.486486486486486,0
Anguilla,15033,1020.0,3,,9,8.486486486486486,0
Anguilla,15033,1020.0,3,,12,8.486486486486486,0
Anguilla,15033,1020.0,3,,15,8.486486486486486,0
Anguilla,15033,1020.0,3,,18,8.486486486486486,0
Anguilla,15033,1020.0,3,,21,8.486486486486486,0
Anguilla,15033,1020.0,3,,24,8.486486486486486,0
Anguilla,15033,1020.0,3,,27,8.486486486486486,0
Anguilla,15033,1020.0,3,,30,8.486486486486486,0
Anguilla,15033,1020.0,3,,33,8.486486486486486,0
